ensemble_id,uniprot_id
ENSG00000162572,P51172
ENSG00000189409,O75900
ENSG00000187730,O14764
ENSG00000067606,Q05513
ENSG00000131686,P23280
ENSG00000049239,O95479
ENSG00000171608,O00329
ENSG00000173614,Q9HAN9
ENSG00000142657,P52209
ENSG00000009724,O00187
ENSG00000198793,P42345
ENSG00000177000,P42898
ENSG00000120937,P16860
ENSG00000083444,Q02809
ENSG00000120949,P28908
ENSG00000028137,P20333
ENSG00000162496,O75911
ENSG00000142615,P08217
ENSG00000186510,P51800
ENSG00000142627,P29317
ENSG00000117118,P21912
ENSG00000117115,Q9Y2J8
ENSG00000142623,Q9ULC6
ENSG00000142619,Q9ULW8
ENSG00000159339,Q9UM07
ENSG00000179002,Q8TE23
ENSG00000159423,P30038
ENSG00000127481,Q5T4S7
ENSG00000158748,P50406
ENSG00000188784,Q9NZK7
ENSG00000188257,P14555
ENSG00000117215,Q9UNK4
ENSG00000158825,P32320
ENSG00000117298,P42892
ENSG00000142798,P98160
ENSG00000070831,P60953
ENSG00000173372,P02745
ENSG00000159189,P02747
ENSG00000173369,P02746
ENSG00000133216,P29323
ENSG00000179546,P28221
ENSG00000142676,P62913
ENSG00000117308,Q14376
ENSG00000117305,P35914
ENSG00000188822,P34972
ENSG00000169442,P31358
ENSG00000117676,Q15418
ENSG00000090020,P19634
ENSG00000116329,P41143
ENSG00000121764,O43613
ENSG00000182866,P06239
ENSG00000116478,Q13547
ENSG00000134684,P54577
ENSG00000004455,P54819
ENSG00000142920,Q96A70
ENSG00000126067,P49721
ENSG00000054116,O43617
ENSG00000119535,Q99062
ENSG00000163873,Q13003
ENSG00000204084,P32019
ENSG00000168653,O43920
ENSG00000198754,Q9BYC2
ENSG00000131238,P50897
ENSG00000117013,P56696
ENSG00000171793,P17812
ENSG00000010803,Q96GD3
ENSG00000171960,O43447
ENSG00000117385,Q32P28
ENSG00000117400,P40238
ENSG00000117411,O60909
ENSG00000196517,P48067
ENSG00000142945,Q99661
ENSG00000126088,P06132
ENSG00000132763,Q9Y4U1
ENSG00000117448,P14550
ENSG00000117461,Q92569
ENSG00000173660,P07919
ENSG00000117480,O00519
ENSG00000187048,Q02928
ENSG00000162368,P30085
ENSG00000117862,O95881
ENSG00000116157,Q96SL4
ENSG00000162383,O00341
ENSG00000157184,P23786
ENSG00000162396,Q7L3T8
ENSG00000169174,Q8NBP7
ENSG00000162409,P54646
ENSG00000177606,P05412
ENSG00000079739,P36871
ENSG00000162434,P23458
ENSG00000116678,P48357
ENSG00000184588,Q07343
ENSG00000116761,P32929
ENSG00000050628,P43115
ENSG00000116791,Q08257
ENSG00000117054,P11310
ENSG00000137955,P53611
ENSG00000162613,Q96AE4
ENSG00000122420,P43088
ENSG00000142875,P22694
ENSG00000153904,O94760
ENSG00000137944,Q6YP21
ENSG00000023909,P48507
ENSG00000117525,P13726
ENSG00000188641,Q12882
ENSG00000162692,P19320
ENSG00000162694,Q9UBQ6
ENSG00000117543,Q9H2P9
ENSG00000170989,P21453
ENSG00000240038,P19961
ENSG00000243480,P04746
"ENSG00000237763,ENSG00000174876,ENSG00000187733",P04745
ENSG00000031698,P49591
ENSG00000143106,P28066
ENSG00000168765,Q03013
ENSG00000213366,P28161
ENSG00000134184,P09488
ENSG00000134201,P46439
ENSG00000134202,P21266
ENSG00000116396,Q03721
ENSG00000168679,O15374
ENSG00000143105,Q16322
ENSG00000177301,P16389
ENSG00000177272,P22001
ENSG00000171385,Q9UK17
ENSG00000155380,P53985
ENSG00000134259,P01138
ENSG00000163399,P05023
ENSG00000116824,P06729
ENSG00000116874,Q9UGM6
ENSG00000116882,Q9NYQ3
ENSG00000203859,P26439
ENSG00000203857,P14060
ENSG00000092621,O43175
ENSG00000198019,Q92637
ENSG00000131791,O43741
ENSG00000150337,P12314
ENSG00000159164,Q7L0J3
ENSG00000118298,Q9ULX7
ENSG00000117362,Q96BI3
ENSG00000143374,Q9BW92
ENSG00000163131,P25774
ENSG00000143387,P43235
ENSG00000159377,P28070
ENSG00000143450,Q9UMX2
ENSG00000163191,P31949
ENSG00000159527,Q96LB9
ENSG00000163221,P80511
ENSG00000143556,P31151
ENSG00000196154,P26447
ENSG00000196754,P29034
ENSG00000189171,Q99584
ENSG00000160678,P23297
ENSG00000169418,P16066
ENSG00000160712,P08887
ENSG00000160716,P17787
ENSG00000143603,Q9UGI6
ENSG00000173207,P61024
ENSG00000177628,P04062
ENSG00000160752,P14324
ENSG00000242252,P02818
ENSG00000163468,P49368
ENSG00000198400,P04629
ENSG00000158473,P15813
ENSG00000158477,P06126
ENSG00000179639,P12319
ENSG00000132703,P02743
ENSG00000132693,P02741
ENSG00000158716,Q9BVJ7
ENSG00000177807,P78508
ENSG00000162728,Q92806
ENSG00000026751,Q9NQ25
ENSG00000158850,O60512
ENSG00000158864,O75306
ENSG00000158869,P30273
ENSG00000143257,Q14994
ENSG00000143252,Q99643
ENSG00000143226,P12318
ENSG00000203747,P08637
ENSG00000072694,P31994
ENSG00000162747,O75015
ENSG00000118217,P18850
ENSG00000117143,Q16222
ENSG00000162733,Q16832
ENSG00000132196,P56937
ENSG00000143171,P48443
ENSG00000143198,O14880
ENSG00000143149,P49189
ENSG00000143179,Q9BZX2
ENSG00000198821,P20963
ENSG00000117479,O60779
ENSG00000198734,P12259
ENSG00000174175,P16109
ENSG00000007908,P16581
ENSG00000117592,P30041
ENSG00000117593,Q6PI48
ENSG00000117601,P01008
ENSG00000143322,P42684
ENSG00000057252,P35610
ENSG00000153029,Q95460
ENSG00000135821,P15104
ENSG00000116701,P19878
ENSG00000162704,O15511
ENSG00000073756,P35354
ENSG00000116711,P47712
ENSG00000023572,Q9NS18
ENSG00000081248,Q13698
ENSG00000143858,Q8N9I0
ENSG00000159348,Q9UHQ9
ENSG00000163485,P30542
ENSG00000133063,Q13231
ENSG00000143839,P00797
ENSG00000198049,P47901
ENSG00000162889,P49137
ENSG00000136634,P22301
ENSG00000196352,P08174
ENSG00000008118,Q96NX5
ENSG00000117594,P28845
ENSG00000117650,P51955
ENSG00000162772,P18847
ENSG00000082482,O95069
ENSG00000196482,P62508
ENSG00000136628,P07814
ENSG00000067704,Q9NSE4
ENSG00000143811,Q96C36
ENSG00000143799,P09874
ENSG00000143761,P84077
ENSG00000143774,Q16774
ENSG00000143632,P68133
ENSG00000135744,P01019
ENSG00000135766,Q9GZT9
ENSG00000135750,O00180
ENSG00000152904,O95749
ENSG00000116962,P14543
ENSG00000086619,Q86YB8
ENSG00000116984,Q99707
ENSG00000198626,Q92736
ENSG00000133019,P20309
ENSG00000035687,P30520
ENSG00000143727,P24666
ENSG00000115705,P07202
ENSG00000182551,Q9BV57
ENSG00000151694,P78536
ENSG00000171848,P31350
ENSG00000115758,P11926
ENSG00000134318,O75116
ENSG00000169006,O95665
ENSG00000240857,Q9HBH5
ENSG00000143878,P62745
ENSG00000084676,Q15788
ENSG00000115138,P01189
ENSG00000084754,P40939
ENSG00000171303,O14649
ENSG00000138074,Q9Y289
ENSG00000084774,P27708
ENSG00000171094,Q9UM73
ENSG00000158125,P47989
ENSG00000115828,Q16769
ENSG00000138061,Q16678
ENSG00000183023,P32418
ENSG00000138079,Q07837
ENSG00000171132,Q02156
ENSG00000180398,Q8NI22
ENSG00000119888,P16422
ENSG00000138039,P22888
ENSG00000170820,P23945
ENSG00000170634,P14621
ENSG00000115306,Q01082
ENSG00000014641,P40925
ENSG00000115902,P43007
ENSG00000138071,P61160
ENSG00000221823,P63098
ENSG00000124357,Q9UJ70
ENSG00000116096,P35270
ENSG00000065911,P13995
ENSG00000115350,Q9NR33
ENSG00000115353,P25103
ENSG00000115386,P05451
ENSG00000163541,P53597
ENSG00000042445,Q6NUM9
ENSG00000168906,P31153
ENSG00000115486,P38435
ENSG00000115523,P22749
ENSG00000115525,Q9UNP4
ENSG00000153574,P49247
ENSG00000135940,P10606
ENSG00000115085,P43403
ENSG00000144182,Q9Y234
ENSG00000115594,P14778
ENSG00000153208,Q12866
ENSG00000115008,P01583
ENSG00000125538,P01584
ENSG00000136689,P18510
ENSG00000115091,P61158
ENSG00000155368,P07108
ENSG00000080293,P47872
ENSG00000088179,P29074
ENSG00000169967,Q9Y2U5
ENSG00000115718,P04070
ENSG00000136699,Q9NXE4
ENSG00000152086,Q6PEY2
ENSG00000115850,P09848
ENSG00000115866,P14868
ENSG00000121966,P61073
ENSG00000150540,P50135
ENSG00000115919,Q16719
ENSG00000115963,P61587
ENSG00000123610,P98066
ENSG00000162980,Q9Y689
ENSG00000182389,O00305
ENSG00000162989,P48549
ENSG00000115170,Q04771
ENSG00000007001,O95045
ENSG00000197635,P27487
ENSG00000184611,Q9NS40
ENSG00000153253,Q9NY46
ENSG00000136531,Q99250
ENSG00000144285,P35498
ENSG00000169432,Q15858
ENSG00000136546,Q01118
ENSG00000073734,O95342
ENSG00000081479,P98164
ENSG00000138398,Q13427
ENSG00000128683,Q99259
ENSG00000115840,O75746
ENSG00000152256,Q15118
ENSG00000138435,P02708
ENSG00000115966,P15336
ENSG00000128655,Q9HCR9
ENSG00000115232,P13612
ENSG00000115252,P54750
ENSG00000138448,P06756
ENSG00000003436,P10646
ENSG00000168542,P02461
ENSG00000138379,O14793
ENSG00000198130,Q6NVY1
ENSG00000115419,O94925
ENSG00000081320,O94768
ENSG00000115896,Q15111
ENSG00000138356,Q06278
ENSG00000013441,P49759
ENSG00000119013,O43676
ENSG00000138395,Q96Q40
ENSG00000163599,P16410
ENSG00000023228,P28331
ENSG00000118260,P16220
ENSG00000138413,O75874
ENSG00000144407,P49190
ENSG00000078018,P11137
ENSG00000021826,P31327
ENSG00000178568,Q15303
ENSG00000138363,P31939
ENSG00000115414,P02751
ENSG00000115425,Q9BY49
ENSG00000163464,P25024
ENSG00000163466,O15144
ENSG00000144579,Q9GZU7
ENSG00000115592,Q9UGI9
ENSG00000127824,P68366
ENSG00000123992,Q9ULA0
ENSG00000116120,Q9NSD9
ENSG00000123983,O95573
ENSG00000169047,P35568
ENSG00000135917,Q9BZV2
ENSG00000135914,P41595
ENSG00000163283,P05187
ENSG00000163286,P10696
ENSG00000135902,Q07001
ENSG00000196811,P07510
ENSG00000115488,Q9Y3R4
ENSG00000077044,Q16760
ENSG00000241119,O60656
ENSG00000144481,Q7Z2W7
ENSG00000132329,O60894
ENSG00000132330,Q96I15
ENSG00000068024,P56524
ENSG00000130414,O95299
ENSG00000130294,Q12756
ENSG00000172482,P21549
ENSG00000168393,P23919
ENSG00000188389,Q15116
ENSG00000113851,Q96SW2
ENSG00000150995,Q14643
ENSG00000196277,Q14831
ENSG00000180914,P30559
ENSG00000241553,P59998
ENSG00000132164,P48066
ENSG00000157103,P30531
ENSG00000196639,P35367
ENSG00000132170,P37231
ENSG00000132155,P04049
ENSG00000163517,Q96DB2
ENSG00000144566,P20339
ENSG00000114166,Q92831
ENSG00000174748,P61313
ENSG00000151090,P10828
ENSG00000077092,P10826
ENSG00000077097,Q02880
ENSG00000163513,P37173
ENSG00000144644,Q6ZQY3
ENSG00000187091,P51178
ENSG00000060971,P09110
ENSG00000183873,Q14524
ENSG00000185313,Q9Y5Y9
ENSG00000168356,Q9UI33
ENSG00000168028,P08865
ENSG00000168036,P35222
ENSG00000163815,P05452
ENSG00000011376,Q15031
ENSG00000173585,P51686
ENSG00000121807,P41597
ENSG00000160791,P51681
ENSG00000012223,P02788
ENSG00000160801,Q03431
ENSG00000047849,P27816
ENSG00000164047,P49913
ENSG00000114268,Q16877
ENSG00000010256,P31930
ENSG00000114302,P13861
ENSG00000178537,O43772
ENSG00000178467,Q9NXG6
ENSG00000178035,P12268
ENSG00000233276,P07203
ENSG00000067560,P61586
ENSG00000145020,P48728
ENSG00000114349,P11488
ENSG00000007402,Q9NY47
ENSG00000114738,Q16644
ENSG00000164082,Q14416
ENSG00000041880,Q9Y6F1
ENSG00000243989,Q03154
ENSG00000023330,P13196
ENSG00000239732,Q9NR96
ENSG00000114854,P63316
ENSG00000010322,Q9Y2I1
ENSG00000163932,Q05655
ENSG00000157388,Q01668
ENSG00000157445,Q8IZS8
ENSG00000168374,P18085
ENSG00000168291,P11177
ENSG00000189283,P49789
ENSG00000172340,Q96I99
ENSG00000179097,P30939
ENSG00000184500,P07225
ENSG00000178700,Q86XF0
ENSG00000081148,Q9BZV3
ENSG00000114573,P38606
ENSG00000151577,P35462
ENSG00000121578,O60513
ENSG00000121594,P33681
ENSG00000144852,O75469
ENSG00000082701,P49841
ENSG00000065518,O95168
ENSG00000163406,Q16348
ENSG00000114013,P42081
ENSG00000036828,P41180
ENSG00000173200,Q460N3
ENSG00000173175,O95622
ENSG00000114491,P11172
ENSG00000144908,O75891
ENSG00000075785,P51149
ENSG00000169704,P14770
ENSG00000181789,Q9Y678
ENSG00000163914,P08100
ENSG00000017260,P98194
ENSG00000114670,Q8NG66
ENSG00000014257,P15309
ENSG00000091513,P02787
ENSG00000114054,P05166
ENSG00000051382,P42338
ENSG00000114115,P09455
ENSG00000163864,Q96T66
ENSG00000152952,O00469
ENSG00000144891,P30556
ENSG00000153002,P15086
ENSG00000163754,P46976
ENSG00000047457,P00450
ENSG00000070087,P35080
ENSG00000169313,Q9H244
ENSG00000152580,Q6WRI0
ENSG00000198829,Q9BXA5
ENSG00000196549,P08473
ENSG00000163655,P49915
ENSG00000118849,P49788
ENSG00000090402,P14410
ENSG00000114200,P06276
ENSG00000163558,P41743
ENSG00000163581,P11168
ENSG00000075651,Q13393
ENSG00000121853,Q92847
ENSG00000197584,Q9Y691
ENSG00000121879,P42336
ENSG00000171121,Q9NPA1
ENSG00000136521,O43674
ENSG00000078070,Q96RQ3
ENSG00000186090,Q70Z44
ENSG00000178084,Q8WXA8
ENSG00000186038,A5X5Y0
ENSG00000114859,P51788
ENSG00000113790,Q08426
ENSG00000058866,P49619
ENSG00000157005,P61278
ENSG00000090530,Q8IVL5
ENSG00000061938,Q07912
ENSG00000161217,P49585
ENSG00000161267,Q02338
ENSG00000133256,P35913
ENSG00000159692,Q13363
ENSG00000090316,Q7L5Y9
ENSG00000068078,P22607
ENSG00000184160,P18825
ENSG00000163993,P25815
ENSG00000169676,P21918
ENSG00000002587,O14792
ENSG00000109743,Q10588
ENSG00000004468,P28907
ENSG00000151552,P09417
ENSG00000002549,P28838
ENSG00000109618,Q9HD40
ENSG00000163394,P32238
ENSG00000121897,O43766
ENSG00000109814,O60701
ENSG00000174343,Q9UGM1
ENSG00000124406,Q9Y2Q0
ENSG00000163285,Q8N1C3
ENSG00000151834,P47869
ENSG00000109158,P48169
ENSG00000163288,P18505
ENSG00000134853,P16234
ENSG00000157404,P10721
ENSG00000128052,P35968
ENSG00000128039,Q9H8P0
ENSG00000128059,Q06203
ENSG00000128050,P22234
ENSG00000163453,Q16270
ENSG00000109163,P30968
ENSG00000173597,O43704
ENSG00000109193,P49888
ENSG00000156136,P27707
ENSG00000163631,P02768
ENSG00000169429,P10145
ENSG00000163737,P02776
ENSG00000163736,P02775
ENSG00000169245,P02778
ENSG00000138772,P12429
ENSG00000145293,Q9UHY7
ENSG00000109339,P53779
ENSG00000198189,Q8NBQ5
ENSG00000170502,Q9BW91
ENSG00000118777,Q9UNQ0
ENSG00000152208,O43424
ENSG00000163106,O60760
ENSG00000163114,P29803
ENSG00000151247,P06730
ENSG00000164024,P53582
ENSG00000197894,P11766
ENSG00000198099,P08319
ENSG00000187758,P07327
ENSG00000196616,P00325
ENSG00000196344,P40394
ENSG00000138823,P55157
ENSG00000070190,Q9UN19
ENSG00000138814,Q08209
ENSG00000109320,P19838
ENSG00000138778,Q02224
ENSG00000169836,P29371
ENSG00000138801,O43252
ENSG00000138796,Q16836
ENSG00000138798,P01133
ENSG00000138792,Q07075
ENSG00000145349,Q13557
ENSG00000145384,P12104
ENSG00000138735,O76074
ENSG00000164111,P08758
ENSG00000145386,P20248
ENSG00000109471,P60568
ENSG00000138685,P09038
ENSG00000151012,Q9UPY5
ENSG00000109390,O43677
ENSG00000145391,Q8WTS6
ENSG00000085871,Q99735
ENSG00000153147,O60264
ENSG00000151611,Q8IVH4
ENSG00000164167,P62312
ENSG00000151617,P25101
ENSG00000151623,P08235
ENSG00000059691,O75879
ENSG00000137462,O60603
ENSG00000171564,P02675
ENSG00000171560,P02671
ENSG00000171557,P02679
ENSG00000121207,O95237
ENSG00000185149,P49146
ENSG00000109738,P48167
ENSG00000120251,P42262
ENSG00000171503,Q16134
ENSG00000164128,P25929
ENSG00000164129,Q15761
ENSG00000052802,Q15800
ENSG00000109472,P16870
ENSG00000109576,Q8N5Z0
ENSG00000164120,P15428
ENSG00000145451,O75311
ENSG00000164305,P42574
ENSG00000151726,P33121
ENSG00000151729,P12235
ENSG00000164344,P03952
ENSG00000088926,P03951
ENSG00000168412,P48039
ENSG00000073578,P31040
ENSG00000113504,Q9Y666
ENSG00000164362,O14746
ENSG00000142319,Q01959
ENSG00000145494,O75380
ENSG00000145545,P18405
ENSG00000078295,Q08462
ENSG00000124275,Q9UBK8
ENSG00000113389,P17342
ENSG00000113407,P26639
ENSG00000113492,Q9BYV1
ENSG00000113494,P16471
ENSG00000145626,Q6NUS8
ENSG00000079215,P43003
ENSG00000168621,P39905
ENSG00000171522,P35408
ENSG00000132356,Q13131
ENSG00000145592,P61927
ENSG00000083720,P55809
ENSG00000112964,P10912
ENSG00000112972,Q01581
ENSG00000112992,Q13423
ENSG00000134363,P19883
ENSG00000164258,O43181
ENSG00000164294,Q8TED1
ENSG00000095015,Q13233
ENSG00000113448,Q08499
ENSG00000178394,P08908
ENSG00000145675,P27986
ENSG00000134058,P50613
ENSG00000131844,Q9HCC0
ENSG00000164326,Q16568
ENSG00000049860,P07686
ENSG00000113161,P04035
ENSG00000122008,Q9UBT6
ENSG00000181104,P25116
ENSG00000113231,O95263
ENSG00000132840,Q9H2M3
ENSG00000145692,Q93088
ENSG00000228716,P00374
ENSG00000131730,P17540
ENSG00000152422,Q13426
ENSG00000038427,P13611
ENSG00000145681,P10915
ENSG00000127184,P15954
ENSG00000173221,P35754
ENSG00000175426,P29120
ENSG00000153113,P20810
ENSG00000153922,O14646
ENSG00000145730,P19021
ENSG00000112893,Q16706
ENSG00000152495,Q16566
ENSG00000080709,Q9H2S1
ENSG00000164219,P53609
ENSG00000129596,Q16878
ENSG00000133835,P51659
ENSG00000168938,P45877
ENSG00000151292,Q9Y6M4
ENSG00000164904,P49419
ENSG00000064651,P55011
ENSG00000169567,P49773
ENSG00000164399,P08700
ENSG00000164400,P04141
ENSG00000072682,O15460
ENSG00000197208,Q9H015
ENSG00000197375,O76082
ENSG00000113525,P05113
ENSG00000169194,P35225
ENSG00000164405,O14949
ENSG00000213585,P21796
ENSG00000113558,P63208
ENSG00000113575,P67775
ENSG00000152700,Q9Y6B6
ENSG00000164615,P49069
ENSG00000170482,Q9UHI7
ENSG00000131508,P62837
ENSG00000131495,O43678
ENSG00000170445,P12081
ENSG00000120329,Q9BXI2
ENSG00000171720,O15379
ENSG00000113552,P46926
ENSG00000113578,P05230
ENSG00000113580,P04150
ENSG00000133706,Q9P2J5
ENSG00000178172,Q6UWN8
ENSG00000164270,Q13639
ENSG00000169252,P07550
ENSG00000132915,P16499
ENSG00000182578,P07333
ENSG00000113721,P09619
ENSG00000011083,Q99884
ENSG00000070808,Q9UQM7
ENSG00000070614,P52848
ENSG00000211445,P22352
ENSG00000196743,P17900
ENSG00000123643,Q7Z2H8
ENSG00000177556,O00244
ENSG00000145888,P23415
ENSG00000155511,P42261
ENSG00000113263,Q08881
ENSG00000113302,P29460
ENSG00000170214,P35368
ENSG00000170231,P51161
ENSG00000145864,P47870
ENSG00000145863,Q16445
ENSG00000022355,P14867
ENSG00000113327,P18507
ENSG00000072571,O75330
ENSG00000145936,Q16558
ENSG00000094755,O00591
ENSG00000037241,Q9UNX3
ENSG00000184845,P21728
ENSG00000113749,P25021
ENSG00000160867,P22455
ENSG00000131187,P00748
ENSG00000175309,Q8IUZ5
ENSG00000127022,P27824
ENSG00000213316,Q16873
ENSG00000050748,P45984
ENSG00000037280,P35916
ENSG00000131446,P26572
ENSG00000112699,O60547
ENSG00000124570,P35237
ENSG00000124588,P16083
ENSG00000137274,Q86WA6
ENSG00000137267,Q13885
ENSG00000137285,Q9BVA1
ENSG00000198721,O75521
ENSG00000145982,O95363
ENSG00000124491,P00488
ENSG00000078401,P05305
ENSG00000124523,Q9NXA8
ENSG00000137198,P36959
ENSG00000137364,P51580
ENSG00000112294,P51649
ENSG00000112304,Q9NPJ3
ENSG00000198704,P59796
ENSG00000196126,P04229
ENSG00000096433,Q14573
ENSG00000124493,Q14833
ENSG00000112033,Q03181
ENSG00000137392,P04118
ENSG00000112062,Q16539
ENSG00000156711,O15264
ENSG00000137193,P11309
ENSG00000124767,Q04760
ENSG00000112164,P43220
ENSG00000124731,Q9NP99
ENSG00000048545,P43080
ENSG00000124713,Q14749
ENSG00000137204,Q9Y694
ENSG00000112715,P15692
ENSG00000112759,Q99808
ENSG00000096384,P08238
ENSG00000124608,Q5JTZ9
ENSG00000146070,Q13093
ENSG00000153292,Q5T601
ENSG00000146085,P22033
ENSG00000112115,Q16552
ENSG00000244067,P09210
ENSG00000243955,P08263
ENSG00000182793,Q7RTV2
ENSG00000174156,Q16772
ENSG00000170899,O15217
ENSG00000001084,P48506
ENSG00000137252,O43614
ENSG00000146166,Q5TDP6
ENSG00000185760,Q9NR82
ENSG00000156508,P68104
ENSG00000135312,P28222
ENSG00000118402,Q9GZR5
ENSG00000112742,P33981
ENSG00000065833,P48163
ENSG00000135318,P21589
ENSG00000168830,P28566
ENSG00000118432,P21554
ENSG00000111880,O60942
ENSG00000146276,P24046
ENSG00000111886,P28476
ENSG00000135333,Q15375
ENSG00000164418,Q13002
ENSG00000085377,P48147
ENSG00000112335,O60493
ENSG00000123505,P17707
ENSG00000010810,P06241
ENSG00000074935,Q9UJT0
ENSG00000196591,Q92769
ENSG00000111816,P42685
ENSG00000152661,P17302
ENSG00000118520,P05089
ENSG00000197594,P22413
ENSG00000146399,Q96RJ0
ENSG00000118515,O00141
ENSG00000171408,Q9NP56
ENSG00000027697,P15260
ENSG00000152822,Q13255
ENSG00000120265,P22061
ENSG00000009765,Q6PHW0
ENSG00000091831,P03372
ENSG00000112038,P35372
ENSG00000112096,P04179
ENSG00000120437,Q9BWD1
ENSG00000197081,P11717
ENSG00000198670,P08519
ENSG00000122194,P00747
ENSG00000112541,Q9Y233
ENSG00000130396,P55196
ENSG00000008018,P20618
ENSG00000122512,P54278
ENSG00000008256,O43739
ENSG00000136238,P63000
ENSG00000189043,O00483
ENSG00000106546,P35869
ENSG00000048052,Q9UKV0
ENSG00000004846,Q2M3G0
ENSG00000136244,P05231
ENSG00000122585,P01303
ENSG00000172115,P99999
ENSG00000106049,P31937
ENSG00000106105,P41250
ENSG00000240583,P29972
ENSG00000106128,Q02643
ENSG00000154678,Q14123
ENSG00000187258,Q6W5P4
ENSG00000006451,P11233
ENSG00000106588,P25787
ENSG00000106605,P53004
ENSG00000164708,P15259
ENSG00000106633,P35557
ENSG00000058404,Q13554
ENSG00000015520,Q9UHC9
ENSG00000105953,Q02218
ENSG00000196262,P62937
ENSG00000122679,O60896
ENSG00000164742,Q08828
ENSG00000146674,P17936
ENSG00000183696,Q16831
ENSG00000132437,P20711
ENSG00000146648,P00533
ENSG00000146733,P78330
ENSG00000196715,Q8N0U8
ENSG00000126522,P04424
ENSG00000049540,P15502
ENSG00000106683,P53667
ENSG00000158517,P14598
ENSG00000127948,P16435
ENSG00000146701,P40926
ENSG00000106211,P04792
ENSG00000127955,P63096
ENSG00000019991,P14210
ENSG00000153956,P54289
ENSG00000198822,Q14832
ENSG00000005469,Q9UKG9
ENSG00000085563,P08183
ENSG00000001630,Q16850
ENSG00000105810,Q00534
ENSG00000004948,P30988
ENSG00000164692,P08123
ENSG00000005421,P27169
ENSG00000004799,Q16654
ENSG00000004864,Q9UJS0
ENSG00000070669,P08243
ENSG00000130429,O15143
ENSG00000106258,P20815
ENSG00000160868,P08684
ENSG00000160862,P25311
ENSG00000196411,P54760
ENSG00000087085,P22303
ENSG00000106366,P05121
ENSG00000106397,O60568
ENSG00000135250,P78362
ENSG00000105835,P43490
ENSG00000105851,P48736
ENSG00000005249,P31323
ENSG00000091140,P09622
ENSG00000105976,P08581
ENSG00000001626,P13569
ENSG00000184408,Q9NZV8
ENSG00000008311,Q9UDR5
ENSG00000081800,Q9BZW2
ENSG00000128609,Q16718
ENSG00000179603,O00222
ENSG00000106348,P20839
ENSG00000128602,Q99835
ENSG00000091704,P15085
ENSG00000085662,P15121
ENSG00000198074,O60218
ENSG00000181072,P08172
ENSG00000122787,P51857
ENSG00000059377,P24557
ENSG00000090266,O95178
ENSG00000157764,P15056
ENSG00000257335,O43451
ENSG00000204983,P07477
ENSG00000197448,Q9Y2Q3
ENSG00000196511,Q9H3S4
ENSG00000002726,P19801
ENSG00000055118,Q12809
ENSG00000164867,P29474
ENSG00000213199,Q9UHC3
ENSG00000164885,Q00535
ENSG00000106615,Q15382
ENSG00000106617,Q9UGJ0
ENSG00000157219,P47898
ENSG00000164778,P19622
ENSG00000198223,P15509
ENSG00000185291,P26951
ENSG00000169100,P12236
ENSG00000196433,P46597
ENSG00000101846,P08842
ENSG00000196664,Q9NYK1
ENSG00000101916,Q9NR97
ENSG00000123595,P51151
ENSG00000101958,P23416
ENSG00000130234,Q9BYF1
ENSG00000169239,Q9Y2D0
ENSG00000169906,P29377
ENSG00000131828,P08559
ENSG00000177189,P51812
ENSG00000102172,P52788
ENSG00000130066,P21673
ENSG00000130741,P41091
ENSG00000067992,Q15120
ENSG00000102230,Q9Y5K3
ENSG00000101868,P09884
ENSG00000169297,P51843
ENSG00000165168,P04839
ENSG00000036473,P00480
ENSG00000147044,O14936
ENSG00000189221,P21397
ENSG00000069535,P27338
ENSG00000130985,P22314
ENSG00000102225,Q00536
ENSG00000078061,P10398
ENSG00000008056,P17600
ENSG00000147155,Q15125
ENSG00000015285,P42768
ENSG00000094631,Q9UBN7
ENSG00000102057,Q9NSA2
ENSG00000102001,O60840
ENSG00000072506,Q99714
ENSG00000158571,P16118
ENSG00000158578,P22557
ENSG00000169083,P10275
ENSG00000165349,Q8WY07
ENSG00000147168,P31785
ENSG00000147099,Q9BY41
ENSG00000147100,P36021
ENSG00000131174,P24311
ENSG00000102144,P00558
ENSG00000173198,Q9Y271
ENSG00000102362,Q96C24
ENSG00000010671,Q06187
ENSG00000102393,P06280
ENSG00000068366,O60488
ENSG00000147246,P28335
ENSG00000123496,Q14627
ENSG00000180772,P50052
ENSG00000101856,O00264
ENSG00000005022,P05141
ENSG00000125356,O15239
ENSG00000182890,P49448
ENSG00000125675,P42263
ENSG00000101966,P98170
ENSG00000156709,O95831
ENSG00000147262,Q8TDV5
ENSG00000165675,Q16206
ENSG00000134602,Q9P289
ENSG00000165704,P00492
ENSG00000101981,P00740
ENSG00000102287,P78334
ENSG00000011677,P34903
ENSG00000147383,Q15738
ENSG00000130821,P48029
ENSG00000067829,P51553
ENSG00000126895,P30518
ENSG00000102032,P51606
ENSG00000160211,P11413
ENSG00000185010,P00451
ENSG00000185973,Q9NVH6
ENSG00000175806,Q9UJ68
ENSG00000079459,P37268
ENSG00000164733,P07858
ENSG00000003989,P52569
ENSG00000175445,P06858
ENSG00000036565,P54219
ENSG00000147416,P21281
ENSG00000120889,O14763
ENSG00000042980,Q9UKQ2
ENSG00000221914,P63151
ENSG00000120907,P35348
ENSG00000015592,Q9H169
ENSG00000120899,Q14289
ENSG00000120903,Q15822
ENSG00000120915,P34913
ENSG00000104687,P00390
ENSG00000104695,P62714
ENSG00000147471,O94903
ENSG00000188778,P13945
ENSG00000077782,P11362
ENSG00000168615,Q13443
ENSG00000104368,P00750
ENSG00000104365,O14920
ENSG00000070501,P06746
ENSG00000078668,Q9Y277
ENSG00000147432,Q05901
ENSG00000147434,Q15825
ENSG00000168522,P49354
ENSG00000253729,P78527
ENSG00000082556,P41145
ENSG00000254087,P07948
ENSG00000178538,P35219
ENSG00000198363,Q12797
ENSG00000205268,Q13946
ENSG00000147571,P06850
ENSG00000140396,Q15596
ENSG00000104321,O75762
ENSG00000182674,Q92953
ENSG00000154589,Q9Y6Y9
ENSG00000164749,Q14541
ENSG00000171033,P61925
ENSG00000147588,P02689
ENSG00000133731,P29218
ENSG00000185015,Q8N1Q1
ENSG00000133742,P00915
ENSG00000164879,P07451
ENSG00000104267,P00918
ENSG00000156103,P51512
ENSG00000104325,Q16698
ENSG00000156467,P14927
ENSG00000156471,P48651
ENSG00000169439,P34741
ENSG00000104324,Q9Y646
ENSG00000132541,P52758
ENSG00000164919,P09669
ENSG00000048392,Q7LG56
ENSG00000155097,P21283
ENSG00000174417,P34981
ENSG00000136999,P48745
ENSG00000147684,Q9Y6M9
ENSG00000104549,Q14534
ENSG00000136997,P01106
ENSG00000184156,O43525
ENSG00000169427,Q9NPC2
ENSG00000169398,Q05397
ENSG00000160882,P15538
ENSG00000179142,P19099
ENSG00000184428,Q969P6
ENSG00000104524,Q53H96
ENSG00000104522,Q13630
ENSG00000178814,O14841
ENSG00000179091,P08574
ENSG00000185803,Q9HAB3
ENSG00000167701,P24298
ENSG00000161016,P62917
ENSG00000147852,P98155
ENSG00000106688,P43005
ENSG00000096968,O60674
ENSG00000120217,Q9NZQ7
ENSG00000178445,P23378
ENSG00000171855,P01574
ENSG00000099810,Q13126
ENSG00000120156,Q02763
ENSG00000165264,O95139
ENSG00000086062,P15291
ENSG00000107262,Q99933
ENSG00000010438,P35030
ENSG00000147955,Q99720
ENSG00000137070,Q14626
ENSG00000165280,P55072
ENSG00000107159,Q16790
ENSG00000159899,P20594
ENSG00000122694,Q9H4G4
ENSG00000137124,P30837
ENSG00000165092,P00352
ENSG00000135046,P04083
ENSG00000198963,Q92753
ENSG00000135002,Q969G6
ENSG00000135069,Q9Y617
ENSG00000148053,Q16620
ENSG00000196730,P53355
ENSG00000135047,P07711
ENSG00000165025,P43405
ENSG00000090054,O15269
ENSG00000196305,P41252
ENSG00000165140,P09467
ENSG00000130948,P37058
ENSG00000130956,Q5JVS0
ENSG00000136943,O60911
ENSG00000136928,O75899
ENSG00000106799,P36897
ENSG00000136881,Q14032
ENSG00000136872,P05062
ENSG00000198785,Q8TCU5
ENSG00000188386,Q96LZ3
ENSG00000165029,O95477
ENSG00000106853,Q14914
ENSG00000148154,Q16739
ENSG00000148218,P13716
ENSG00000148229,Q9NRF9
ENSG00000106927,P02760
ENSG00000229314,P02763
ENSG00000228278,P19652
ENSG00000136869,O00206
ENSG00000106804,P01031
ENSG00000148180,P06396
ENSG00000119421,P51970
ENSG00000095303,P23219
ENSG00000136930,Q99436
ENSG00000136931,Q13285
ENSG00000044574,P11021
ENSG00000136807,P50750
ENSG00000136877,Q05932
ENSG00000106992,P00568
ENSG00000148346,P80188
ENSG00000171097,Q16773
ENSG00000095321,P43155
ENSG00000130707,P00966
ENSG00000097007,P00519
ENSG00000165695,Q96MA6
ENSG00000170835,P19835
ENSG00000123454,P09172
ENSG00000186350,P19793
ENSG00000122133,P09466
ENSG00000204007,Q7Z4J2
ENSG00000148386,Q8WX39
ENSG00000176919,P07360
ENSG00000177239,Q9UKM7
ENSG00000176884,Q05586
ENSG00000188229,P68371
ENSG00000148408,Q00975
ENSG00000067064,Q13907
ENSG00000187134,Q04828
ENSG00000151632,P52895
ENSG00000196139,P42330
ENSG00000198610,P17516
ENSG00000134460,P01589
ENSG00000065675,Q04759
ENSG00000165629,P36542
ENSG00000183049,Q8IU85
ENSG00000107537,O14832
ENSG00000152465,O60551
ENSG00000107611,O60494
ENSG00000107614,O14717
ENSG00000165995,Q08289
ENSG00000165997,Q96KC2
ENSG00000185875,Q8IYQ7
ENSG00000136750,Q05329
ENSG00000150093,P05556
ENSG00000099250,O14786
ENSG00000165731,P07949
ENSG00000107562,P48061
ENSG00000012779,P09917
ENSG00000204174,P50391
ENSG00000107643,P45983
ENSG00000070748,P28329
ENSG00000165471,P11226
ENSG00000170312,P06493
ENSG00000096717,Q96EB6
ENSG00000156515,P19367
ENSG00000166224,O95470
ENSG00000166228,P61457
ENSG00000197746,P07602
ENSG00000122884,P13674
ENSG00000148660,Q13555
ENSG00000122861,P00749
ENSG00000156110,P55263
ENSG00000165637,P45880
ENSG00000165644,Q86VU5
ENSG00000156113,Q12791
ENSG00000108179,P30405
ENSG00000122852,Q8IWL2
ENSG00000133661,P35247
ENSG00000151224,Q00266
ENSG00000182771,Q9ULK0
ENSG00000148672,P00367
ENSG00000182333,P07098
ENSG00000148680,P34969
ENSG00000119912,P14735
ENSG00000138160,P52732
ENSG00000186188,Q5NUL3
ENSG00000095464,P51160
ENSG00000108242,P33260
ENSG00000165841,P33261
ENSG00000138109,P11712
ENSG00000138115,P10632
ENSG00000059573,P54886
ENSG00000107447,P04053
ENSG00000095587,Q9Y6L7
ENSG00000120053,P17174
ENSG00000023839,Q92887
ENSG00000213341,O15111
ENSG00000166136,O95169
ENSG00000166135,Q9NWT6
ENSG00000077150,Q00653
ENSG00000138175,P36405
ENSG00000148795,P05093
ENSG00000076685,P49902
ENSG00000065613,Q9H2G2
ENSG00000148834,P78417
ENSG00000065621,Q9H4Y5
ENSG00000150594,P08913
ENSG00000148702,Q14520
ENSG00000165806,P55210
ENSG00000043591,P08588
ENSG00000175535,P16233
ENSG00000165646,Q05940
ENSG00000066468,P21802
ENSG00000107679,Q9HB21
ENSG00000196177,P45954
ENSG00000065154,P04181
ENSG00000154485,Q8N119
ENSG00000132334,P23469
ENSG00000170430,P16455
ENSG00000130643,Q9NYX4
ENSG00000127884,P30084
ENSG00000142082,Q9NTG7
ENSG00000174915,Q9BVG9
ENSG00000174775,P01112
ENSG00000069696,P21917
ENSG00000177542,Q9H936
ENSG00000205867,Q701N4
ENSG00000196224,Q6L8H2
ENSG00000117984,P07339
ENSG00000254647,P01308
ENSG00000180176,P07101
ENSG00000053918,P51787
ENSG00000110619,P49589
ENSG00000129744,P52961
ENSG00000129749,Q9GZZ6
ENSG00000167325,P23921
ENSG00000167346,Q9NRE1
ENSG00000244734,P68871
ENSG00000110148,P32239
ENSG00000166311,P17405
ENSG00000166402,P50607
ENSG00000166483,P30291
ENSG00000152266,P01270
ENSG00000129084,P25786
ENSG00000152270,Q13370
ENSG00000175868,P10092
ENSG00000110680,P06881
ENSG00000187486,Q14654
ENSG00000006071,Q09428
ENSG00000129159,P48547
ENSG00000129167,P17752
ENSG00000173432,P0DJI8
ENSG00000134333,P00338
ENSG00000166796,P07864
ENSG00000166800,Q6ZMR3
ENSG00000185238,O60678
ENSG00000165970,Q9Y345
ENSG00000129151,O75936
ENSG00000176697,P23560
ENSG00000182255,P22459
ENSG00000121691,P04040
ENSG00000026508,P16070
ENSG00000110436,P43004
ENSG00000166199,Q96Q83
ENSG00000110455,Q96QU6
ENSG00000121653,Q9UQF2
ENSG00000180720,P08173
ENSG00000180210,P00734
ENSG00000025434,Q13133
ENSG00000213619,O75489
ENSG00000086205,Q04609
ENSG00000186652,P13727
ENSG00000149131,P05155
ENSG00000149124,Q6IB77
ENSG00000156689,Q8WU03
ENSG00000166840,Q969I3
ENSG00000134827,P20061
ENSG00000149534,Q01362
ENSG00000156738,P11836
ENSG00000183134,Q9Y5Y4
ENSG00000134824,O95864
ENSG00000149485,O60427
ENSG00000167996,P02794
ENSG00000149503,Q9NQS7
ENSG00000162174,Q7L266
ENSG00000149021,P11684
ENSG00000149541,O94766
ENSG00000089597,Q14697
ENSG00000168539,P11229
ENSG00000197901,Q4U2R8
ENSG00000149452,Q8TCC7
ENSG00000176340,P10176
ENSG00000173511,P49765
ENSG00000002330,Q92934
ENSG00000173153,P11474
ENSG00000126432,P30044
ENSG00000162302,O75676
ENSG00000168065,Q9NSA0
ENSG00000197891,Q96S37
ENSG00000068976,P11217
ENSG00000014216,P07384
ENSG00000014138,Q14181
ENSG00000142186,Q96KG9
ENSG00000172977,Q92993
ENSG00000172757,P23528
ENSG00000174669,Q14542
ENSG00000174080,Q9UBX1
ENSG00000173599,P11498
ENSG00000173020,P25098
ENSG00000172531,P62136
ENSG00000084207,P09211
ENSG00000167792,P49821
ENSG00000132744,Q96HD9
ENSG00000132746,P48448
ENSG00000006534,P43353
ENSG00000110717,O00217
ENSG00000110090,P50416
ENSG00000110092,P24385
ENSG00000075388,P08620
ENSG00000131620,Q5XXA6
ENSG00000172893,Q9UBM7
ENSG00000172890,Q6IA69
ENSG00000110203,P41439
ENSG00000110195,P15328
ENSG00000165457,P14207
ENSG00000186642,O00408
ENSG00000175591,P41231
ENSG00000137491,O94956
ENSG00000151366,O95298
ENSG00000137513,Q96I59
ENSG00000151376,Q16798
ENSG00000168959,P41594
ENSG00000077498,P14679
ENSG00000134640,P49286
ENSG00000110218,Q96RD7
ENSG00000082175,P06401
ENSG00000137673,P09237
ENSG00000137674,O60882
ENSG00000137675,Q9H306
ENSG00000118113,P22894
ENSG00000166670,P09238
ENSG00000196611,P03956
ENSG00000149968,P08254
ENSG00000137745,P45452
ENSG00000170962,Q9GZP0
ENSG00000137752,P29466
ENSG00000152578,P48058
ENSG00000152402,P33402
ENSG00000075239,P24752
ENSG00000149311,Q13315
ENSG00000137710,P35241
ENSG00000137714,P10109
ENSG00000204381,Q6UX15
ENSG00000150768,P10515
"ENSG00000204370,ENSG00000255292",O14521
ENSG00000150787,Q03393
ENSG00000149295,P14416
ENSG00000149305,O95264
ENSG00000166736,P46098
ENSG00000166741,P40261
ENSG00000186318,P56817
ENSG00000137731,P54710
ENSG00000177098,Q8IWT1
ENSG00000149575,O60939
ENSG00000198851,P07766
ENSG00000167286,P04234
ENSG00000160654,P09693
ENSG00000110367,P26196
ENSG00000196655,Q9Y296
ENSG00000149403,Q16099
ENSG00000109971,P11142
ENSG00000166257,Q9NY72
ENSG00000149554,O14757
ENSG00000110063,Q96C86
ENSG00000151704,P48048
ENSG00000120457,P48544
ENSG00000149418,Q9Y5Y6
ENSG00000151498,Q9UKU7
ENSG00000109956,Q9P2W7
ENSG00000111181,P48065
ENSG00000010379,Q9NSD5
ENSG00000151067,Q13936
ENSG00000139180,Q16795
ENSG00000151079,P17658
ENSG00000111262,Q09470
ENSG00000130037,P22460
ENSG00000185652,P20783
ENSG00000110799,P04275
ENSG00000010278,P21926
ENSG00000067182,P19438
ENSG00000111319,P37088
ENSG00000139190,P23763
ENSG00000111640,P04406
ENSG00000010610,P01730
ENSG00000111669,P60174
ENSG00000111674,P09104
ENSG00000182326,P09871
ENSG00000159403,P00736
ENSG00000177575,Q86VB7
ENSG00000003056,P20645
ENSG00000175899,P01023
ENSG00000013588,Q8NFJ5
ENSG00000273079,Q13224
ENSG00000070019,P25092
ENSG00000139053,Q13956
ENSG00000008394,P10620
ENSG00000172572,Q14432
ENSG00000111700,Q9NPD5
ENSG00000134538,Q9Y6L6
ENSG00000084453,P46721
ENSG00000111716,P07195
ENSG00000121361,Q15842
ENSG00000069431,O60706
ENSG00000111726,Q8NFW8
ENSG00000060982,P54687
ENSG00000133703,P01116
ENSG00000123104,Q14571
ENSG00000139131,Q9Y2Z4
ENSG00000198001,Q9NWZ3
ENSG00000061273,Q8WUI4
ENSG00000111424,P11473
ENSG00000139219,P02458
ENSG00000167531,P00709
ENSG00000167535,P54284
ENSG00000181929,P54619
ENSG00000123416,P68363
ENSG00000167552,Q71U36
ENSG00000167553,Q9BQE3
ENSG00000110881,P78348
ENSG00000167588,P21695
ENSG00000123268,P18846
ENSG00000139610,Q9UNI1
ENSG00000196876,Q9UQD0
ENSG00000139567,P37023
ENSG00000135503,P36896
ENSG00000135480,P08729
ENSG00000170421,P05787
ENSG00000167780,O75908
ENSG00000139631,Q9Y600
ENSG00000139626,P26010
ENSG00000172819,P13631
ENSG00000135409,Q16671
ENSG00000170653,P17544
ENSG00000123360,Q01064
ENSG00000135437,Q92781
ENSG00000123342,Q99542
ENSG00000065357,P23743
ENSG00000123374,P24941
ENSG00000139531,P51687
ENSG00000196465,P14649
ENSG00000062485,O75390
ENSG00000110944,Q9NPF7
ENSG00000135423,Q9UI32
ENSG00000110955,P06576
ENSG00000110958,Q15185
ENSG00000025423,O14756
ENSG00000123384,Q07954
ENSG00000182199,P34897
ENSG00000185633,Q9NRX3
ENSG00000135446,P11802
ENSG00000111012,O15528
ENSG00000118596,O60669
ENSG00000166148,P37288
ENSG00000111537,P01579
ENSG00000135679,Q00987
ENSG00000090382,P61626
ENSG00000135643,Q86W47
ENSG00000127329,P23467
ENSG00000139287,Q8IWU9
ENSG00000166006,Q96PR1
ENSG00000139278,P48060
ENSG00000011465,P07585
ENSG00000102189,Q15075
ENSG00000184752,Q9UI09
ENSG00000111142,P50579
ENSG00000084110,P42357
ENSG00000111144,P09960
ENSG00000120868,O14727
ENSG00000012504,Q96RI1
ENSG00000120805,P40616
ENSG00000017427,P05019
ENSG00000171759,P00439
ENSG00000136011,Q8WWQ8
ENSG00000166598,P14625
ENSG00000198431,Q16881
ENSG00000110887,P14920
ENSG00000189046,Q6NS38
ENSG00000076248,P13051
ENSG00000076555,O00763
ENSG00000139428,Q96EY8
ENSG00000110921,Q03426
ENSG00000139433,Q9NZD2
ENSG00000111229,O15145
ENSG00000186298,P36873
ENSG00000111252,Q9UQQ2
ENSG00000111275,P05091
ENSG00000179295,Q06124
ENSG00000089127,P00973
ENSG00000135094,P20132
ENSG00000139410,Q96GA7
ENSG00000089250,P29475
ENSG00000111725,Q9Y478
ENSG00000170890,P04054
ENSG00000122971,P16219
ENSG00000135100,P20823
ENSG00000135124,Q99571
ENSG00000158104,P32754
ENSG00000182782,Q8TDS4
ENSG00000255398,P49019
ENSG00000111325,Q6N063
ENSG00000073060,Q8WTV0
ENSG00000150991,P0CG48
ENSG00000132341,P62826
ENSG00000198598,Q9ULZ9
ENSG00000177084,Q07864
"ENSG00000075886,ENSG00000198033",Q13748
ENSG00000132964,P49336
ENSG00000122025,P36888
ENSG00000102755,P17948
ENSG00000139514,P30825
ENSG00000189403,P09429
ENSG00000132965,P20292
ENSG00000102743,Q9Y619
ENSG00000120659,O14788
ENSG00000080618,Q96IY4
ENSG00000139684,P10768
ENSG00000102468,P28223
ENSG00000136143,Q9P2R7
ENSG00000139687,P06400
ENSG00000152207,Q9NS75
ENSG00000102539,O43193
ENSG00000204977,O60858
ENSG00000136160,P24530
ENSG00000125249,P10114
ENSG00000088386,P46059
ENSG00000125245,Q14330
ENSG00000175198,P05165
ENSG00000134864,Q9BVM4
ENSG00000102524,Q9Y275
ENSG00000134905,Q9HA77
ENSG00000057593,P08709
ENSG00000126218,P00742
ENSG00000126231,P22891
ENSG00000129484,Q9UGN5
ENSG00000100823,P27695
ENSG00000198805,P00491
ENSG00000258818,P34096
ENSG00000214274,P03950
ENSG00000129538,P07998
ENSG00000169397,P12724
ENSG00000169385,P10153
ENSG00000157227,P50281
ENSG00000100804,P28074
ENSG00000092068,Q9UHI5
"ENSG00000129473,ENSG00000258643",Q92843
ENSG00000092054,P12883
ENSG00000157326,Q9BTZ2
ENSG00000187630,Q6PKH6
ENSG00000100949,Q92696
ENSG00000092009,P23946
ENSG00000100448,P08311
ENSG00000129521,Q9H6Z9
ENSG00000100902,P60900
ENSG00000100906,P25963
ENSG00000139874,P30872
ENSG00000182400,Q86SZ2
ENSG00000165496,Q96L21
ENSG00000100479,P56282
ENSG00000165527,P62330
ENSG00000100504,P06737
ENSG00000186469,P59768
ENSG00000168229,Q13258
ENSG00000125384,P43116
ENSG00000131979,P30793
ENSG00000131981,P17931
ENSG00000100567,P25788
ENSG00000126790,Q96EM0
ENSG00000100644,Q16665
ENSG00000140009,Q92731
ENSG00000100714,P11586
ENSG00000257365,P49356
ENSG00000176153,P18283
ENSG00000171723,Q9NQX3
ENSG00000081181,P78540
ENSG00000072042,Q8TC12
ENSG00000139988,Q96NR8
ENSG00000006432,P80192
ENSG00000140043,Q8N8N7
ENSG00000119711,Q02252
ENSG00000119630,P49763
ENSG00000170345,P01100
ENSG00000140044,Q8WYK2
ENSG00000119699,P10600
ENSG00000100577,O43708
ENSG00000100596,O15270
ENSG00000165409,P16473
ENSG00000183648,O75438
ENSG00000197249,P01009
ENSG00000188488,P05154
ENSG00000168398,P30411
ENSG00000090060,P51003
ENSG00000197119,Q8N8R3
ENSG00000140105,P23381
ENSG00000078304,Q13362
ENSG00000080824,P07900
ENSG00000166126,Q9BXJ7
ENSG00000166165,P12277
ENSG00000185100,Q8N142
ENSG00000142208,P31749
ENSG00000166206,P28472
ENSG00000186297,P31644
ENSG00000182256,Q99928
ENSG00000166664,Q494W8
ENSG00000175344,P36544
ENSG00000184984,P08912
ENSG00000140199,Q9UHW9
ENSG00000128928,P26440
ENSG00000051180,Q06609
ENSG00000137825,P23677
ENSG00000214013,Q8TET4
ENSG00000168806,O60294
ENSG00000166963,P78559
"ENSG00000237289,ENSG00000223572",P12532
ENSG00000166710,P61769
ENSG00000140263,Q00796
ENSG00000171766,P50440
ENSG00000074803,Q13621
ENSG00000128951,P33316
ENSG00000140287,P19113
ENSG00000092439,Q96QT4
ENSG00000137869,P11511
ENSG00000137876,Q9UHA3
ENSG00000128918,O94788
ENSG00000137845,O14672
ENSG00000171989,Q9BYZ2
ENSG00000182718,P07355
ENSG00000069667,P35398
ENSG00000166128,Q92930
ENSG00000074410,O43570
ENSG00000166794,P23284
ENSG00000169118,Q9HCP0
ENSG00000180304,O95190
ENSG00000103707,Q96DP5
ENSG00000103769,P62491
ENSG00000169032,Q02750
ENSG00000188501,Q6UWM7
ENSG00000067225,P14618
ENSG00000140459,P05108
ENSG00000179335,P49761
ENSG00000140465,P04798
ENSG00000140505,P05177
ENSG00000103653,P41240
ENSG00000178741,P20674
ENSG00000138621,Q96CD2
ENSG00000140398,Q96FI4
ENSG00000166411,P50213
ENSG00000103740,Q96GR2
ENSG00000041357,P25789
ENSG00000169684,P30532
ENSG00000080644,P32297
ENSG00000117971,P30926
ENSG00000103811,P09668
ENSG00000103876,P16930
ENSG00000140598,Q7Z2Z2
ENSG00000073417,O60658
ENSG00000172183,Q96AZ6
ENSG00000140511,Q96S86
ENSG00000140522,P12271
ENSG00000166825,P15144
ENSG00000182054,P48735
ENSG00000140564,P09958
ENSG00000140443,P08069
ENSG00000184254,P47895
"ENSG00000188536,ENSG00000206172",P69905
ENSG00000103126,O15169
ENSG00000162009,P35346
ENSG00000196557,O95180
ENSG00000172236,Q15661
ENSG00000063854,Q16775
ENSG00000140990,O96000
ENSG00000196408,Q8NFA2
ENSG00000127554,P55789
ENSG00000167969,P42126
ENSG00000140992,O15530
ENSG00000008516,Q9NPA2
ENSG00000005339,Q92793
ENSG00000153406,Q9HBL8
ENSG00000103415,P30519
ENSG00000103174,Q9UK23
ENSG00000183044,P80404
ENSG00000183454,Q12879
ENSG00000103342,P15170
ENSG00000179889,Q6P996
ENSG00000133392,P35749
ENSG00000103222,P33527
ENSG00000103316,Q14894
ENSG00000140740,P22695
ENSG00000166828,P51170
ENSG00000168447,P51168
ENSG00000103356,Q5JPH6
ENSG00000004779,O14561
ENSG00000166851,P53350
ENSG00000166501,P05771
ENSG00000205629,Q9UIC8
ENSG00000077238,P24394
ENSG00000196502,P50225
ENSG00000178952,P49411
ENSG00000196296,O14983
ENSG00000177455,P15391
ENSG00000103485,Q15274
ENSG00000103502,O14735
ENSG00000149930,Q9UL54
ENSG00000149925,P04075
ENSG00000102882,P27361
ENSG00000005844,P20701
ENSG00000167397,Q9BQB6
ENSG00000103507,O14874
ENSG00000052344,Q16651
ENSG00000156885,Q02221
ENSG00000140675,P31639
ENSG00000166123,Q8TD30
ENSG00000087245,P08253
ENSG00000103546,P23975
ENSG00000087263,Q8N543
ENSG00000070915,P55017
ENSG00000102996,P51511
ENSG00000070770,P19784
ENSG00000125166,P00505
ENSG00000179776,P33151
ENSG00000166548,O00142
ENSG00000159593,Q13564
ENSG00000168748,P43166
ENSG00000176387,P80365
ENSG00000205220,P40306
ENSG00000124067,Q9UP95
ENSG00000103056,Q9NY59
ENSG00000258429,Q9HBH1
ENSG00000181019,P15559
ENSG00000090861,P49588
ENSG00000198650,P17735
ENSG00000102967,Q02127
ENSG00000168925,P17538
ENSG00000065427,Q15046
ENSG00000140905,P23434
ENSG00000086696,P37059
ENSG00000131143,P13073
ENSG00000174990,P35218
ENSG00000051523,P13498
ENSG00000198931,P07741
ENSG00000015413,P16444
ENSG00000204991,Q8WWL2
ENSG00000258839,Q01726
ENSG00000258947,Q13509
ENSG00000108953,P62258
ENSG00000174238,Q00169
ENSG00000167711,P08697
ENSG00000070366,Q86US8
ENSG00000167720,Q9GZT4
ENSG00000108381,P45381
ENSG00000167723,Q8NET8
ENSG00000196689,Q8NER1
ENSG00000040531,O60931
ENSG00000177602,Q8TF76
ENSG00000161905,P16050
ENSG00000142507,P28072
ENSG00000129219,O14939
ENSG00000108556,Q04844
ENSG00000185245,P07359
ENSG00000108518,P07737
ENSG00000108515,P13929
ENSG00000108561,Q07021
ENSG00000161944,P07307
ENSG00000132535,P78352
ENSG00000170175,P11230
ENSG00000129214,P04278
ENSG00000141510,P04637
ENSG00000170043,Q9Y5R8
ENSG00000220205,P63027
ENSG00000178999,Q96GD4
ENSG00000178921,O15067
ENSG00000065325,O95838
ENSG00000109047,P35243
ENSG00000153976,Q9Y663
ENSG00000170425,P29275
ENSG00000170315,P0CG47
ENSG00000205309,Q9NPB1
ENSG00000176974,P34896
ENSG00000072210,P51648
ENSG00000108602,P30838
ENSG00000184185,Q14500
ENSG00000168961,O00182
ENSG00000007171,P35228
ENSG00000109072,P04004
ENSG00000007216,Q13183
ENSG00000132581,Q99470
ENSG00000198242,P62750
ENSG00000179761,Q9P0Z9
ENSG00000108576,P31645
ENSG00000108582,O75976
ENSG00000176749,Q15078
ENSG00000108684,Q16515
ENSG00000108691,P13500
ENSG00000172156,P51671
ENSG00000108700,P80075
ENSG00000005156,P49916
ENSG00000125691,P62829
ENSG00000067191,Q02641
ENSG00000108298,P84098
ENSG00000125686,Q15648
ENSG00000141744,P11086
ENSG00000141736,P04626
ENSG00000126351,P10827
ENSG00000131759,P10276
ENSG00000131747,P11388
ENSG00000108773,Q92830
ENSG00000161610,O43612
ENSG00000173757,P51692
ENSG00000108784,P54802
ENSG00000108786,P14061
ENSG00000131462,P23258
ENSG00000131477,O60895
ENSG00000131471,Q16853
ENSG00000161653,Q8N159
ENSG00000108840,Q9UQL6
ENSG00000005961,P08514
ENSG00000136448,P30419
ENSG00000120088,P34998
ENSG00000186868,P10636
ENSG00000073969,P46459
ENSG00000259207,P05106
ENSG00000141279,P55786
ENSG00000108439,Q9NVS9
ENSG00000082641,Q14494
ENSG00000173868,Q8TCT1
ENSG00000005882,Q15119
ENSG00000108821,P02452
ENSG00000006283,O43497
ENSG00000239672,P15531
ENSG00000243678,P22392
ENSG00000154975,Q9NS85
ENSG00000141179,Q9UKL6
ENSG00000121064,Q9HB40
ENSG00000121053,P11678
ENSG00000005381,P05164
ENSG00000108423,Q9UJT1
ENSG00000167434,P22748
ENSG00000159640,P12821
ENSG00000173826,Q9H252
ENSG00000007314,P35499
ENSG00000178607,O75460
ENSG00000091583,P02749
ENSG00000154229,P17252
ENSG00000108878,Q06432
ENSG00000108932,O15403
ENSG00000108946,P10644
ENSG00000180616,P30874
ENSG00000161509,Q14957
ENSG00000161513,P22570
ENSG00000170190,O15375
ENSG00000177885,P62993
ENSG00000132470,P16144
ENSG00000108479,P51570
ENSG00000161533,Q15067
ENSG00000129673,Q16613
ENSG00000167900,P04183
ENSG00000089685,O15392
ENSG00000171302,Q8WVQ1
ENSG00000171298,P10253
ENSG00000185527,P18545
ENSG00000185359,O14964
ENSG00000183048,Q9UBX3
ENSG00000215644,P47871
ENSG00000185624,P07237
ENSG00000183010,P32322
ENSG00000169738,Q7Z4W1
ENSG00000169710,P49327
ENSG00000141526,O15427
ENSG00000176890,P04818
ENSG00000176105,P07947
ENSG00000141433,P18509
ENSG00000101608,P19105
ENSG00000178127,P19404
ENSG00000141401,O14732
ENSG00000176014,Q9BUF5
ENSG00000141385,Q9Y4W6
ENSG00000185231,Q01718
ENSG00000067900,Q13464
ENSG00000134489,Q9H3N8
ENSG00000075643,Q96EN8
ENSG00000078142,Q8NEB9
ENSG00000152234,P25705
ENSG00000175387,Q15796
ENSG00000082212,P23368
ENSG00000066926,P22830
ENSG00000134440,O43776
ENSG00000074695,P49257
ENSG00000171791,P10415
ENSG00000206075,P36952
ENSG00000057149,P29508
ENSG00000197632,P05120
ENSG00000166347,P00167
ENSG00000131196,O95644
ENSG00000101266,P68400
ENSG00000088832,P62942
ENSG00000125780,Q08188
ENSG00000101365,O43837
ENSG00000101405,P01178
ENSG00000125877,Q9BY32
ENSG00000088827,Q9BZZ2
ENSG00000101224,P30305
ENSG00000088826,Q9NWM0
ENSG00000171873,P25100
ENSG00000171867,P04156
ENSG00000101323,Q9UJM8
ENSG00000132639,P60880
ENSG00000172296,Q9NUV7
ENSG00000125851,P16519
ENSG00000125868,P60981
ENSG00000178726,P07204
ENSG00000154930,Q9NUB1
ENSG00000100994,P11216
ENSG00000171552,Q07817
ENSG00000101306,Q9H1R3
ENSG00000101336,P08631
ENSG00000101444,P23526
ENSG00000131069,Q9NR19
ENSG00000100983,P48637
ENSG00000101000,Q9UNN8
ENSG00000125966,Q9Y5R2
ENSG00000125965,P43026
ENSG00000244005,Q9Y697
ENSG00000197122,P12931
ENSG00000198959,P21980
ENSG00000101425,P17213
ENSG00000101438,Q9H598
ENSG00000198900,P11387
ENSG00000185513,Q9Y468
ENSG00000101076,P41235
ENSG00000196839,P00813
ENSG00000101470,P02585
ENSG00000100985,P14780
ENSG00000124140,Q9H2X9
ENSG00000124160,Q9HCD5
ENSG00000158296,Q8WWT9
ENSG00000158445,Q14721
ENSG00000124212,Q16647
ENSG00000196396,P18031
ENSG00000019186,Q07973
ENSG00000087586,O14965
ENSG00000124253,P35558
ENSG00000087460,P63092
ENSG00000101162,Q9H4B7
ENSG00000101182,O14818
ENSG00000101180,Q9Y5N1
ENSG00000101204,P43681
ENSG00000075043,O43526
ENSG00000101213,Q13882
ENSG00000198276,Q9NWZ5
ENSG00000125510,P41146
ENSG00000099822,Q9UL51
ENSG00000196415,P24158
ENSG00000197561,P08246
ENSG00000197766,P00746
ENSG00000116032,O60391
ENSG00000167468,P36969
ENSG00000099624,P30049
ENSG00000115286,O75251
ENSG00000130005,Q14353
ENSG00000127540,O14957
ENSG00000133275,P78368
ENSG00000104904,P54368
ENSG00000006638,P21731
ENSG00000167657,O43293
ENSG00000167658,P13639
ENSG00000126934,P36507
ENSG00000105355,O60664
ENSG00000105426,Q13332
ENSG00000174886,Q86Y39
ENSG00000125656,Q16740
ENSG00000104833,P04350
ENSG00000125730,P01024
ENSG00000171105,P06213
ENSG00000181029,Q8IUR0
ENSG00000267855,O95182
ENSG00000181143,Q8WXI7
ENSG00000127445,Q13526
ENSG00000080511,Q9NYR8
ENSG00000130816,P26358
ENSG00000090339,P05362
ENSG00000105397,P29597
ENSG00000065989,P27815
ENSG00000079999,Q14145
ENSG00000180739,Q9H228
ENSG00000130164,P01130
ENSG00000187266,P19235
ENSG00000102575,P13686
ENSG00000095059,P49366
ENSG00000198356,O43681
ENSG00000167815,P32119
ENSG00000105607,Q92947
ENSG00000179115,Q9Y285
ENSG00000179218,P27797
ENSG00000141837,O00555
ENSG00000072062,P17612
ENSG00000160951,P34995
ENSG00000099795,P17568
ENSG00000105143,P48664
ENSG00000105639,P52333
ENSG00000105642,Q92952
ENSG00000105647,O00459
ENSG00000105650,Q08493
ENSG00000105655,Q9NPH2
ENSG00000105664,P49747
ENSG00000130287,O14594
ENSG00000187664,Q86UW8
ENSG00000186010,Q9P0J0
ENSG00000169021,P47985
ENSG00000021488,P82251
ENSG00000105220,P06744
ENSG00000105711,Q07699
ENSG00000105707,P05981
ENSG00000012124,P20273
ENSG00000126266,O14842
ENSG00000105679,O14556
ENSG00000105675,P20648
ENSG00000126267,P14854
ENSG00000205155,Q9NZ42
ENSG00000126247,P04632
ENSG00000161281,P24310
ENSG00000099337,Q9Y257
ENSG00000196218,P21817
"ENSG00000205076,ENSG00000178934",P47929
ENSG00000105205,Q05315
ENSG00000105221,P31751
ENSG00000090013,P30043
ENSG00000077312,P09012
ENSG00000269858,Q96KS0
ENSG00000255974,P11509
ENSG00000197408,P20813
ENSG00000105329,P01137
ENSG00000105388,P06731
ENSG00000105737,Q16478
ENSG00000079462,Q15102
ENSG00000079385,P13688
ENSG00000011422,Q03405
ENSG00000124449,Q6NXR0
ENSG00000104783,O15554
ENSG00000073008,P15151
ENSG00000130203,P02649
ENSG00000007255,O75865
ENSG00000104879,P06732
ENSG00000104936,Q09013
ENSG00000160013,P43119
ENSG00000105281,Q15758
ENSG00000105398,Q06520
ENSG00000169393,Q96BH3
ENSG00000105486,P18858
ENSG00000105464,O15399
ENSG00000182324,Q9UNX9
ENSG00000105443,Q99418
ENSG00000088002,O00204
ENSG00000063180,O75493
ENSG00000105552,O15382
ENSG00000105559,Q9H4M7
ENSG00000087086,P02792
ENSG00000225950,P34130
ENSG00000104848,Q96RP8
ENSG00000142541,P40429
ENSG00000126457,Q99873
ENSG00000104951,Q96RQ9
ENSG00000169136,Q9Y2D1
ENSG00000105357,Q7Z406
ENSG00000131398,Q14003
ENSG00000131408,P55055
ENSG00000167748,P06870
ENSG00000167755,Q92876
ENSG00000169035,P49862
ENSG00000168995,Q9Y286
ENSG00000105383,P20138
ENSG00000171051,P21462
ENSG00000105568,P30153
ENSG00000126583,P05129
ENSG00000170906,O95167
ENSG00000160439,Q8NBN7
ENSG00000129991,P19429
ENSG00000063245,Q9Y6I3
ENSG00000067646,P08048
ENSG00000012817,Q9BY66
ENSG00000182902,Q9H1K4
ENSG00000183785,Q9NY65
ENSG00000100033,O43272
ENSG00000184470,Q9NNW7
ENSG00000093010,P21964
ENSG00000099937,P05546
ENSG00000099960,O43246
ENSG00000100030,P28482
ENSG00000186716,P11274
ENSG00000099953,P24347
ENSG00000240972,P14174
ENSG00000099984,P0CG29
ENSG00000128271,P29274
ENSG00000100031,P19440
ENSG00000100077,P35626
ENSG00000183765,O96017
ENSG00000184076,Q9UDW1
ENSG00000100003,O76054
ENSG00000100012,Q9UDX4
ENSG00000133488,Q9UDX3
ENSG00000241878,Q9UG56
ENSG00000100170,P13866
ENSG00000100220,Q9Y3I0
ENSG00000100234,P35625
ENSG00000100292,P09601
ENSG00000198125,P02144
ENSG00000166862,Q9Y698
ENSG00000100362,P20472
ENSG00000100365,Q15080
ENSG00000100368,P32927
ENSG00000128311,Q16762
ENSG00000100385,P14784
ENSG00000128340,P15153
ENSG00000100079,P05162
ENSG00000241360,Q96GD0
ENSG00000100097,P09382
ENSG00000100116,O75600
ENSG00000100156,O95907
ENSG00000184381,O60733
ENSG00000100316,P39023
ENSG00000128272,P18848
ENSG00000100346,Q9P0X4
ENSG00000196588,Q969V6
ENSG00000100412,Q99798
ENSG00000100138,P55769
ENSG00000198951,P17050
ENSG00000100197,P10635
ENSG00000100243,P00387
ENSG00000100294,Q8IVS2
ENSG00000100300,P30536
ENSG00000186951,Q07869
ENSG00000100429,Q969S8
ENSG00000188130,P53778
ENSG00000185386,Q15759
ENSG00000025708,P19971
ENSG00000100299,P15289
ENSG00000180530,P48552
ENSG00000142192,P05067
ENSG00000154736,Q9UNA0
ENSG00000171189,P39086
ENSG00000142168,P00441
ENSG00000159110,P48551
ENSG00000142166,P17181
ENSG00000180509,P15382
ENSG00000159228,P16152
ENSG00000159267,P50747
ENSG00000157540,Q13627
ENSG00000157542,P48051
ENSG00000157551,Q99712
ENSG00000160179,P45844
ENSG00000160181,Q03403
ENSG00000160191,O76083
ENSG00000160194,P56181
ENSG00000160200,P35520
ENSG00000142178,P57059
ENSG00000160209,O00764
ENSG00000160255,P05107
ENSG00000160282,O95954
ENSG00000160285,P48449
ENSG00000160307,P04271
"ENSG00000224586,ENSG00000257770",O75715
ENSG00000224608,P03989
"ENSG00000226979,ENSG00000230279,ENSG00000231408",P01374
"ENSG00000244731,ENSG00000227746,ENSG00000206340",P0C0L4
"ENSG00000204681,ENSG00000206466,ENSG00000232632,ENSG00000237051,ENSG00000232569,ENSG00000206511,ENSG00000237112",Q9UBS5
"ENSG00000227715,ENSG00000235657",P01892
"ENSG00000196230,ENSG00000232421,ENSG00000229684,ENSG00000227739,ENSG00000232575,ENSG00000224156,ENSG00000183311,ENSG00000235067",P07437
"ENSG00000204580,ENSG00000137332,ENSG00000234078,ENSG00000215522,ENSG00000230456",Q08345
"ENSG00000198563,ENSG00000235439,ENSG00000229496,ENSG00000225073,ENSG00000225859,ENSG00000215425,ENSG00000230624",Q13838
"ENSG00000232810,ENSG00000230108,ENSG00000223952,ENSG00000204490,ENSG00000228321,ENSG00000206439,ENSG00000228849",P01375
"ENSG00000213722,ENSG00000228128,ENSG00000225635,ENSG00000226634,ENSG00000233076,ENSG00000206395,ENSG00000227317",O95865
"ENSG00000204394,ENSG00000224264,ENSG00000226589,ENSG00000231116,ENSG00000096171",P26640
"ENSG00000204386,ENSG00000234846,ENSG00000227129,ENSG00000227315,ENSG00000223957,ENSG00000228691,ENSG00000184494,ENSG00000234343",Q99519
"ENSG00000243649,ENSG00000242335,ENSG00000243570,ENSG00000239754,ENSG00000241253,ENSG00000241534",P00751
"ENSG00000224389,ENSG00000233312,ENSG00000228454,ENSG00000228267,ENSG00000236625",P0C0L5
"ENSG00000231852,ENSG00000198457,ENSG00000235134,ENSG00000233151,ENSG00000206338,ENSG00000232414",P08686
"ENSG00000231286,ENSG00000225824,ENSG00000233209",P01920
"ENSG00000237541,ENSG00000231526,ENSG00000206301,ENSG00000257473,ENSG00000231823,ENSG00000233192,ENSG00000225103,ENSG00000223793",P01906
"ENSG00000204264,ENSG00000231631,ENSG00000226201,ENSG00000235715,ENSG00000236443,ENSG00000230669,ENSG00000206298,ENSG00000230034",P28062
"ENSG00000240065,ENSG00000243958,ENSG00000240508,ENSG00000243067,ENSG00000239836,ENSG00000242711,ENSG00000243594,ENSG00000240118",P28065
"ENSG00000204231,ENSG00000235712,ENSG00000227322,ENSG00000231321,ENSG00000206289,ENSG00000228333",P28702
"ENSG00000204228,ENSG00000232357,ENSG00000228712,ENSG00000228357,ENSG00000112474,ENSG00000225312",Q92506
ENSG00000268089,Q9UN88
ENSG00000269335,Q9Y6K9
ENSG00000265203,P10745
ENSG00000268104,Q9UN76
"ENSG00000187242,ENSG00000263243",Q99456
ENSG00000271447,Q9H239
ENSG00000271503,P13501
"ENSG00000198848,ENSG00000262243",P23141
"ENSG00000197953,ENSG00000261846",Q6P093
ENSG00000262406,P39900
"ENSG00000159128,ENSG00000262795",P38484
"ENSG00000159131,ENSG00000262473",P22102
"ENSG00000143627,ENSG00000262785",P30613
"ENSG00000184983,ENSG00000272765,ENSG00000273397",P56556
ENSG00000198888,P03886
ENSG00000198763,P03891
ENSG00000198804,P00395
ENSG00000198712,P00403
ENSG00000198938,P00414
ENSG00000198840,P03897
ENSG00000212907,P03901
ENSG00000198886,P03905
ENSG00000198786,P03915
ENSG00000198695,P03923
ENSG00000198727,P00156
